<?xml version="1.0" encoding="UTF-8" ?>
<!DOCTYPE struts PUBLIC
    "-//Apache Software Foundation//DTD Struts Configuration 2.0//EN"
    "http://struts.apache.org/dtds/struts-2.0.dtd">

<struts>

    <constant name="struts.enable.DynamicMethodInvocation" value="false" />
    <constant name="struts.devMode" value="false" />
	<constant name="struts.multipart.maxSize" value="10485760000"/>
	
    <include file="example.xml"/>

    <!-- Add packages here -->
	<package name="main" extends="struts-default">
		<action name="test" class="com.demo.struts2.actions.TestAction">
			<result name="success">success.jsp</result>
			<result name="input">input.jsp</result>
		</action>
		<action name="login" class="com.LoginAction">
			<result name="success">index.jsp</result>
			<result name="error">index.jsp</result>
		</action>
		<action name="register" class="com.registerAction">
			<result name="success">index.jsp</result>
			<result name="error">register.jsp</result>
		</action>
		<action name="search" class="com.SearchAction">
			<result name="success">results.jsp</result>
			<result name="error">index.jsp</result>
		</action>
		<action name ="upload" class ="com.UploadAction" > 
            <interceptor-ref name ="fileUploadStack" /> 
            <result name ="success" >index.jsp </result > 
        </action > 
        <action name ="logout" class ="com.LogoutAction" > 
            <result name ="success" >index.jsp</result > 
        </action > 
        
        <action name="download" class="com.FileDownload">
            <result name="success" type="stream">
                <param name="contentType">${contentType}</param>
                <param name="inputName">inputStream</param>
                <param name="bufferSize">4096</param>
                <param name="contentDisposition">
                    filename="${filename}"
                </param>
            </result>
	</action>
	</package>

</struts>
